id,external_id,message_preview,hash,published_at,created_at,source_id,source_name
427591,51919,"Pairs:  ENSO/USDT

 👉 Trade Type = SHORT 🔴

 👉 Lev..., 0.8320, 0.8217, 0.8101, 0.7907 ]

Binance Pumps®",6a60bd825609c46e0726bf0f66a6e57d,2026-07-29T16:59:36+00:00,2026-07-29T22:19:23.775280+00:00,107,t.me/BinancePumpSignaIs
427584,51918,"Pairs:  ENA/USDT

 👉 Trade Type = SHORT 🔴

 👉 Leve..., 0.0756, 0.0745, 0.0735, 0.0724 ]

Binance Pumps®",f8e150893e6a39888f38fdd80e6bbffc,2026-07-29T16:59:26+00:00,2026-07-29T22:19:23.676167+00:00,107,t.me/BinancePumpSignaIs
427604,51917,"Pairs:  UAI/USDT

 👉 Trade Type = LONG 🟢

 👉 Lever..., 0.4615, 0.4665, 0.4749, 0.4823 ]

Binance Pumps®",6ae8bf76f65462923d001848f8126b97,2026-07-29T16:59:25+00:00,2026-07-29T22:19:23.839727+00:00,107,t.me/BinancePumpSignaIs
427590,51916,"Pairs:  ON/USDT

 👉 Trade Type = LONG 🟢

 👉 Levera..., 0.1816, 0.1830, 0.1860, 0.1896 ]

Binance Pumps®",0998a4998bf15c1fe4ffc8af12c5715c,2026-07-27T12:48:10+00:00,2026-07-29T22:19:23.773239+00:00,107,t.me/BinancePumpSignaIs
427610,51915,"Pairs:  WLD/USDT

 👉 Trade Type = SHORT 🔴

 👉 Leve..., 0.3303, 0.3255, 0.3201, 0.3138 ]

Binance Pumps®",0ec3535187336ae35a0ef14b72561077,2026-07-27T12:48:07+00:00,2026-07-29T22:19:23.866487+00:00,107,t.me/BinancePumpSignaIs
427609,51914,"Pairs:  DIA/USDT

 👉 Trade Type = LONG 🟢

 👉 Lever..., 0.1755, 0.1781, 0.1805, 0.1830 ]

Binance Pumps®",62fc23c8909dcf6c7bc1c8c9a91e5ccb,2026-07-27T12:47:56+00:00,2026-07-29T22:19:23.862248+00:00,107,t.me/BinancePumpSignaIs
427605,51913,"Pairs:  PRL/USDT

 👉 Trade Type = LONG 🟢

 👉 Lever..., 0.2016, 0.2042, 0.2075, 0.2115 ]

Binance Pumps®",8391a7761d4603fd9fabd5952699b42a,2026-07-26T17:03:55+00:00,2026-07-29T22:19:23.844195+00:00,107,t.me/BinancePumpSignaIs
427594,51912,"Pairs:  ORDI/USDT

 👉 Trade Type = LONG 🟢

 👉 Leve....926, 3.964, 4.007, 4.092, 4.122 ]

Binance Pumps®",18983fe9aee6f995eb782eed3cfed302,2026-07-26T17:01:19+00:00,2026-07-29T22:19:23.789741+00:00,107,t.me/BinancePumpSignaIs
427611,51911,"Pairs:  ADA/USDT

 👉 Trade Type = SHORT 🔴

 👉 Leve..., 0.1588, 0.1572, 0.1546, 0.1523 ]

Binance Pumps®",f0b0857f3d1adfb83f6279a1fc9e53b6,2026-07-26T17:00:31+00:00,2026-07-29T22:19:23.868077+00:00,107,t.me/BinancePumpSignaIs
427585,51910,"Pairs:  EPIC/USDT

 👉 Trade Type = LONG 🟢

 👉 Leve..., 0.7932, 0.8020, 0.8158, 0.8237 ]

Binance Pumps®",b128a7dd6a08a00b739c8f2ae81fcff2,2026-07-26T17:00:20+00:00,2026-07-29T22:19:23.731969+00:00,107,t.me/BinancePumpSignaIs
427601,51909,"Pairs:  BERA/USDT

 👉 Trade Type = SHORT 🔴

 👉 Lev..., 0.1725, 0.1699, 0.1680, 0.1640 ]

Binance Pumps®",a223ba39975ac3d89d85661e1b95119f,2026-07-26T17:00:19+00:00,2026-07-29T22:19:23.815199+00:00,107,t.me/BinancePumpSignaIs
427603,51908,"Pairs:  STX/USDT

 👉 Trade Type = SHORT 🔴

 👉 Leve..., 0.1387, 0.1368, 0.1342, 0.1313 ]

Binance Pumps®",d8d2741625315e8815e2689cbc3cdfbb,2026-07-24T16:16:04+00:00,2026-07-29T22:19:23.826653+00:00,107,t.me/BinancePumpSignaIs
427598,51907,"Pairs:  BERA/USDT

 👉 Trade Type = SHORT 🔴

 👉 Lev..., 0.1699, 0.1675, 0.1641, 0.1615 ]

Binance Pumps®",66560a7c9f2aca53c1f709ff2bf3b79c,2026-07-24T16:16:03+00:00,2026-07-29T22:19:23.797683+00:00,107,t.me/BinancePumpSignaIs
427600,51905,"Pairs:  IO/USDT

 👉 Trade Type = SHORT 🔴

 👉 Lever..., 0.1406, 0.1390, 0.1364, 0.1342 ]

Binance Pumps®",4b98c977c38012932f289caf43425e83,2026-07-24T16:15:16+00:00,2026-07-29T22:19:23.814394+00:00,107,t.me/BinancePumpSignaIs
427593,51904,"Pairs:  KAVA/USDT

 👉 Trade Type = SHORT 🔴

 👉 Lev..., 0.0436, 0.0430, 0.0425, 0.0415 ]

Binance Pumps®",583938174c8c878304c7654ccf02990f,2026-07-24T16:15:15+00:00,2026-07-29T22:19:23.788147+00:00,107,t.me/BinancePumpSignaIs
427606,51902,"Pairs:  LAB/USDT

 👉 Trade Type = SHORT 🔴

 👉 Leve..., 0.4304, 0.4258, 0.4188, 0.4099 ]

Binance Pumps®",04694bd1aab24047b5fff7cc8584fa11,2026-07-12T17:08:09+00:00,2026-07-29T22:19:23.855541+00:00,107,t.me/BinancePumpSignaIs
427599,51901,"Pairs:  BANK/USDT

 👉 Trade Type = SHORT 🔴

 👉 Lev..., 0.0387, 0.0383, 0.0375, 0.0369 ]

Binance Pumps®",efdd94188a2c18a4a9583b9b286a4971,2026-07-12T17:07:58+00:00,2026-07-29T22:19:23.800487+00:00,107,t.me/BinancePumpSignaIs
427592,51900,"Pairs:  H/USDT

 👉 Trade Type = SHORT 🔴

 👉 Levera..., 0.0705, 0.0694, 0.0683, 0.0672 ]

Binance Pumps®",0c11322849f75604f201faad05881499,2026-07-12T17:07:50+00:00,2026-07-29T22:19:23.778896+00:00,107,t.me/BinancePumpSignaIs
427602,51899,"Pairs:  Q/USDT

 👉 Trade Type = SHORT 🔴

 👉 Levera..., 0.0189, 0.0187, 0.0183, 0.0180 ]

Binance Pumps®",87601891c2978602ac9004d6dff7b829,2026-07-12T17:07:49+00:00,2026-07-29T22:19:23.821834+00:00,107,t.me/BinancePumpSignaIs
427587,51898,"Pairs:  ONDO/USDT

 👉 Trade Type = LONG 🟢

 👉 Leve..., 0.3466, 0.3489, 0.3560, 0.3605 ]

Binance Pumps®",31c9186da9947d94f05e0c54abb19dcf,2026-07-11T10:04:36+00:00,2026-07-29T22:19:23.685381+00:00,107,t.me/BinancePumpSignaIs
427589,51897,"Pairs:  ADA/USDT

 👉 Trade Type = LONG 🟢

 👉 Lever..., 0.1747, 0.1767, 0.1793, 0.1826 ]

Binance Pumps®",0a25211f0bc7e16b8debfe7e4771b28f,2026-07-11T10:04:35+00:00,2026-07-29T22:19:23.768442+00:00,107,t.me/BinancePumpSignaIs
427583,51896,"Pairs:  LDO/USDT

 👉 Trade Type = LONG 🟢

 👉 Lever..., 0.3189, 0.3227, 0.3275, 0.3323 ]

Binance Pumps®",aaa0099cf1772d97396ca59a4acbe421,2026-07-11T09:32:46+00:00,2026-07-29T22:19:23.659196+00:00,107,t.me/BinancePumpSignaIs
427597,51895,"Pairs:  ALGO/USDT

 👉 Trade Type = SHORT 🔴

 👉 Lev..., 0.0803, 0.0793, 0.0779, 0.0768 ]

Binance Pumps®",867e7191a35256c4c552b4e57d9600c3,2026-07-08T15:45:54+00:00,2026-07-29T22:19:23.794830+00:00,107,t.me/BinancePumpSignaIs
427588,51894,"Pairs:  TAKE/USDT

 👉 Trade Type = LONG 🟢

 👉 Leve..., 0.0222, 0.0225, 0.0228, 0.0230 ]

Binance Pumps®",7aa606cf5280dd118991f43794872b8b,2026-07-08T15:45:46+00:00,2026-07-29T22:19:23.754261+00:00,107,t.me/BinancePumpSignaIs
427607,51893,"Pairs:  IN/USDT

 👉 Trade Type = LONG 🟢

 👉 Levera..., 0.0464, 0.0470, 0.0478, 0.0484 ]

Binance Pumps®",de48ee6e2777dd547507a23b6cc81442,2026-07-08T15:45:40+00:00,2026-07-29T22:19:23.856574+00:00,107,t.me/BinancePumpSignaIs
427586,51892,"Pairs:  BANANA/USDT

 👉 Trade Type = LONG 🟢

 👉 Le....095, 4.134, 4.187, 4.243, 4.313 ]

Binance Pumps®",ab570c0f6c6a6f7a616a47bb3d5033cc,2026-07-07T15:38:56+00:00,2026-07-29T22:19:23.733424+00:00,107,t.me/BinancePumpSignaIs
427608,51891,"Pairs:  RUNE/USDT

 👉 Trade Type = LONG 🟢

 👉 Leve..., 0.4020, 0.4065, 0.4120, 0.4181 ]

Binance Pumps®",599e6407d8c746a9bc080c995750980a,2026-07-07T15:38:36+00:00,2026-07-29T22:19:23.859943+00:00,107,t.me/BinancePumpSignaIs
427596,51890,"Pairs:  HYPER/USDT

 👉 Trade Type = LONG 🟢

 👉 Lev..., 0.0757, 0.0763, 0.0775, 0.0789 ]

Binance Pumps®",1173071e03561778763014504126f008,2026-07-07T15:38:35+00:00,2026-07-29T22:19:23.791381+00:00,107,t.me/BinancePumpSignaIs
427580,51889,"Pairs:  OGN/USDT

 👉 Trade Type = LONG 🟢

 👉 Lever..., 0.0182, 0.0185, 0.0187, 0.0190 ]

Binance Pumps®",efdcc9c0575032af757b9b1718651abe,2026-07-06T01:03:11+00:00,2026-07-29T22:19:23.123949+00:00,107,t.me/BinancePumpSignaIs
427582,51888,"Pairs:  TRX/USDT

 👉 Trade Type = LONG 🟢

 👉 Lever..., 0.3419, 0.3479, 0.3531, 0.3587 ]

Binance Pumps®",b93255b34d10c65a86f3df5ecf893be7,2026-07-06T01:02:37+00:00,2026-07-29T22:19:23.280696+00:00,107,t.me/BinancePumpSignaIs
427581,51886,"Pairs:  OPN/USDT

 👉 Trade Type = SHORT 🔴

 👉 Leve..., 0.0620, 0.0616, 0.0606, 0.0594 ]

Binance Pumps®",e367c69661e15c4247abb8519dc9915b,2026-07-06T01:02:32+00:00,2026-07-29T22:19:23.126600+00:00,107,t.me/BinancePumpSignaIs
427579,51887,"Pairs:  WLD/USDT

 👉 Trade Type = LONG 🟢

 👉 Lever..., 0.4340, 0.4410, 0.4464, 0.4528 ]

Binance Pumps®",7f6ddc270f58a2e6e8881dc2e9f862c0,2026-07-06T01:02:32+00:00,2026-07-29T22:19:23.119242+00:00,107,t.me/BinancePumpSignaIs
468445,51925,"Pairs:  LIGHT/USDT

 👉 Trade Type = LONG 🟢

 👉 Lev..., 0.1395, 0.1419, 0.1435, 0.1459 ]

Binance Pumps®",9336b1b2af43548670fd812119347191,2026-07-31T16:41:29+00:00,2026-07-31T16:51:18.226438+00:00,107,t.me/BinancePumpSignaIs
468446,51924,"Pairs:  SYN/USDT

 👉 Trade Type = SHORT 🔴

 👉 Leve..., 0.0959, 0.0945, 0.0932, 0.0916 ]

Binance Pumps®",1dce8017517cfa9e9b8d1f15aa523ca7,2026-07-31T16:39:31+00:00,2026-07-31T16:51:18.227107+00:00,107,t.me/BinancePumpSignaIs
468444,51923,"Pairs:  MMT/USDT

 👉 Trade Type = SHORT 🔴

 👉 Leve..., 0.1909, 0.1882, 0.1849, 0.1827 ]

Binance Pumps®",5d936326a9d61367045e7ab02e58aff2,2026-07-31T16:39:30+00:00,2026-07-31T16:51:18.211918+00:00,107,t.me/BinancePumpSignaIs
